[{"id":"group_1","name":"Indoors","expanded":true,"children":[{"id":"1","name":"Table 1","seats":"2"},{"id":"2","name":"Table 2","seats":"3"},{"id":"3","name":"Table 3","seats":"4"},{"id":"4","name":"Table 4","seats":"4"},{"id":"5","name":"Table 5","seats":"6"},{"id":"6","name":"Table 6","seats":"6"}]},{"id":"group_2","name":"Outdoor","expanded":true,"children":[{"id":"7","name":"Table 21","seats":"2"},{"id":"8","name":"Table 22","seats":"2"},{"id":"9","name":"Table 23","seats":"5"},{"id":"10","name":"Table 24","seats":"5"},{"id":"11","name":"Table 25","seats":"6"},{"id":"12","name":"Table 26","seats":"6"}]}]